,Unnamed: 0,Player,Aldeia,Lança,Espada,Machado,Explorador,Cavalaria Leve,Cavalaria Pesada,Ariete,Cataputa,Paladino,Nobre,Milicia,Comandos ativos,Ataques a chegar,Total Tropas Defesa,Total Tropas Ataque,Total Tropas,Porcentagem Tropas Ataque,Porcentagem Tropas Defesa,Tipo Aldeia,BB Qtd,CL Qtd,Ariete Qtd,Ataque Tipo
0,0,Ablonblackangel,Aldeia-bonus (538|435) K45,0.0,0.0,98.0,0.0,37.0,0.0,0.0,0.0,0.0,0.0,0.0,0,0.0,0.0,135.0,135.0,100.0,0.0,Ataque,,Poucas,,Poucas
1,1,Ablonblackangel,Estrela da Morte (544|422) K45,404.0,482.0,3495.0,185.0,1074.0,0.0,311.0,0.0,0.0,0.0,0.0,0,0.0,886.0,4880.0,5766.0,84.63406174124177,15.365938258758238,Ataque,Meio Full,Meio Full,Full,Meio Full
2,2,Ablonblackangel,Illyrium (541|434) K45,68.0,90.0,7000.0,165.0,2270.0,21.0,400.0,130.0,1.0,0.0,0.0,0,0.0,179.0,9670.0,9979.0,96.90349734442329,1.7937669105120753,Ataque,Quase Full,Quase Full,Full,Quase Full
3,3,Ablonblackangel,Maine CooN (543|434) K45,5056.0,5071.0,0.0,620.0,0.0,328.0,0.0,0.0,1.0,0.0,0.0,0,0.0,10455.0,0.0,10455.0,0.0,100.0,Defesa,,,,
4,4,Ablonblackangel,Nobre (540|426) K45,6077.0,6084.0,0.0,400.0,0.0,0.0,0.0,0.0,1.0,0.0,0.0,0,0.0,12161.0,0.0,12161.0,0.0,100.0,Defesa,,,,
5,5,Apolo100,(00) Monte Olimpo (562|440) K45,0.0,0.0,9106.0,0.0,3170.0,0.0,220.0,10.0,1.0,4.0,0.0,0,0.0,0.0,12496.0,12506.0,99.92003838157684,0.0,Ataque,Full,Full,Quase Full,Full
6,6,Apolo100,(01) Monte Olimpo (562|442) K45,4453.0,9689.0,0.0,1145.0,0.0,0.0,0.0,0.0,0.0,0.0,0.0,0,0.0,14142.0,0.0,14142.0,0.0,100.0,Defesa,,,,
7,7,Apolo100,(02) Monte Olimpo (560|441) K45,3739.0,8758.0,0.0,761.0,0.0,0.0,0.0,0.0,1.0,0.0,0.0,0,0.0,12497.0,0.0,12497.0,0.0,100.0,Defesa,,,,
8,8,Apolo100,(03) Monte Olimpo (560|438) K45,0.0,0.0,4022.0,0.0,1271.0,0.0,200.0,0.0,0.0,0.0,0.0,0,0.0,0.0,5493.0,5493.0,100.0,0.0,Ataque,Meio Full,Meio Full,Meio Full,Meio Full
9,9,Apolo100,(04) Monte Olimpo (564|441) K45,2704.0,3130.0,155.0,807.0,0.0,0.0,0.0,0.0,0.0,0.0,0.0,0,0.0,5834.0,155.0,5989.0,2.5880781432626483,97.41192185673735,Defesa,,,,Poucas
10,10,Apolo100,(05) Monte Olimpo (567|445) K45,5374.0,5975.0,0.0,0.0,0.0,249.0,0.0,0.0,0.0,0.0,0.0,0,0.0,11598.0,0.0,11598.0,0.0,100.0,Defesa,,,,
11,11,Apolo100,(06) Monte Olimpo (538|427) K45,0.0,0.0,3854.0,20.0,1336.0,0.0,0.0,0.0,1.0,0.0,0.0,0,0.0,0.0,5190.0,5190.0,100.0,0.0,Ataque,Meio Full,Meio Full,,Meio Full
12,12,Caio limaa,KiNgS 001 (521|435) K45,6371.0,6156.0,0.0,1000.0,0.0,403.0,0.0,0.0,1.0,0.0,0.0,0,0.0,12930.0,0.0,12930.0,0.0,100.0,Defesa,,,,
13,13,Caio limaa,KiNgS 002 (526|432) K45,0.0,0.0,7000.0,0.0,2810.0,0.0,300.0,0.0,1.0,3.0,0.0,0,0.0,0.0,10110.0,10110.0,100.0,0.0,Ataque,Quase Full,Full,Full,Full
14,14,Caio limaa,KiNgS 003 (526|433) K45,4806.0,5001.0,0.0,900.0,0.0,39.0,0.0,0.0,0.0,0.0,0.0,0,0.0,9846.0,0.0,9846.0,0.0,100.0,Defesa,,,,
15,15,Caio limaa,KiNgS 004 (526|431) K45,4938.0,4674.0,0.0,223.0,0.0,35.0,0.0,0.0,0.0,0.0,0.0,0,0.0,9647.0,0.0,9647.0,0.0,100.0,Defesa,,,,
16,16,Caio limaa,KiNgS 005 (527|432) K45,3116.0,3179.0,0.0,405.0,0.0,0.0,0.0,0.0,0.0,0.0,0.0,0,0.0,6295.0,0.0,6295.0,0.0,100.0,Defesa,,,,
17,17,Caio limaa,KiNgS 006 (527|431) K45,0.0,0.0,756.0,0.0,0.0,0.0,0.0,0.0,1.0,0.0,0.0,0,0.0,0.0,756.0,756.0,100.0,0.0,Ataque,,,,Poucas
18,18,Camaro2011,SUITS (001) (559|411) K45,4599.0,2281.0,0.0,554.0,0.0,102.0,0.0,12.0,1.0,0.0,0.0,0,0.0,6982.0,0.0,6994.0,0.0,99.82842436374035,Defesa,,,,
19,19,Camaro2011,SUITS (002) (559|415) K45,5924.0,5148.0,0.0,497.0,0.0,0.0,0.0,65.0,0.0,0.0,0.0,0,0.0,11072.0,0.0,11137.0,0.0,99.41635988147615,Defesa,,,,
20,20,Camaro2011,SUITS (003) (555|416) K45,6138.0,4139.0,0.0,262.0,0.0,0.0,42.0,0.0,0.0,0.0,0.0,0,0.0,10277.0,42.0,10319.0,0.4070161837387344,99.59298381626127,Defesa,,,Poucas,Poucas
21,21,Camaro2011,SUITS (004) (560|415) K45,0.0,0.0,739.0,95.0,269.0,0.0,4.0,0.0,1.0,0.0,0.0,0,0.0,0.0,1012.0,1012.0,100.0,0.0,Ataque,,Poucas,Poucas,Poucas
22,22,Cefiz,001 Cefiz (540|465) K45,0.0,0.0,4916.0,0.0,1955.0,0.0,250.0,0.0,1.0,4.0,0.0,0,0.0,0.0,7121.0,7121.0,100.0,0.0,Ataque,Meio Full,Quase Full,Quase Full,Quase Full
23,23,Cefiz,002 Cefiz (538|465) K45,6400.0,6400.0,0.0,84.0,0.0,1200.0,0.0,0.0,1.0,0.0,0.0,0,0.0,14000.0,0.0,14000.0,0.0,100.0,Defesa,,,,
24,24,Cefiz,003 Cefiz (546|469) K45,4600.0,4600.0,0.0,246.0,0.0,1200.0,0.0,0.0,0.0,0.0,0.0,0,0.0,10400.0,0.0,10400.0,0.0,100.0,Defesa,,,,
25,25,Cefiz,004 Cefiz (552|480) K45,4700.0,4606.0,0.0,0.0,0.0,1200.0,0.0,0.0,0.0,0.0,0.0,0,0.0,10506.0,0.0,10506.0,0.0,100.0,Defesa,,,,
26,26,Cefiz,005 Cefiz (542|474) K45,0.0,0.0,5047.0,0.0,2150.0,0.0,250.0,0.0,1.0,0.0,0.0,0,0.0,0.0,7447.0,7447.0,100.0,0.0,Ataque,Quase Full,Quase Full,Quase Full,Quase Full
27,27,Cefiz,006 Cefiz (530|467) K45,170.0,150.0,0.0,2001.0,0.0,0.0,0.0,0.0,0.0,0.0,0.0,0,0.0,320.0,0.0,320.0,0.0,100.0,Defesa,,,,
28,28,Cefiz,007 Cefiz (547|485) K45,1900.0,2000.0,0.0,0.0,0.0,300.0,0.0,0.0,0.0,0.0,0.0,0,0.0,4200.0,0.0,4200.0,0.0,100.0,Defesa,,,,
29,29,Daniel Carvalho,01 Nobre (500|482) K45,4700.0,4100.0,0.0,300.0,0.0,0.0,0.0,0.0,1.0,0.0,0.0,0,0.0,8800.0,0.0,8800.0,0.0,100.0,Defesa,,,,
30,30,Daniel Carvalho,02 Nobre (499|482) K44,0.0,0.0,700.0,300.0,40.0,0.0,0.0,0.0,0.0,0.0,0.0,0,0.0,0.0,740.0,740.0,100.0,0.0,Ataque,,Poucas,,Poucas
31,31,Dedegas,Annihilon I (536|459) K45,0.0,0.0,5113.0,0.0,2584.0,0.0,350.0,0.0,1.0,0.0,0.0,0,0.0,0.0,8047.0,8047.0,100.0,0.0,Ataque,Quase Full,Full,Full,Quase Full
32,32,Dedegas,Annihilon II (536|460) K45,5494.0,4878.0,0.0,0.0,0.0,1200.0,0.0,200.0,1.0,0.0,0.0,0,0.0,11572.0,0.0,11772.0,0.0,98.3010533469249,Defesa,,,,
33,33,Dedegas,Annihilon III (536|458) K45,0.0,0.0,2494.0,0.0,935.0,0.0,283.0,3.0,1.0,0.0,0.0,0,0.0,0.0,3712.0,3715.0,99.91924629878869,0.0,Ataque,Poucas,Meio Full,Quase Full,Meio Full
34,34,Dedegas,Annihilon IV (535|461) K45,2905.0,2371.0,0.0,29.0,0.0,794.0,0.0,200.0,0.0,0.0,0.0,0,0.0,6070.0,0.0,6270.0,0.0,96.81020733652312,Defesa,,,,
35,35,Dedegas,Annihilon V (536|463) K45,0.0,0.0,2025.0,0.0,1235.0,0.0,288.0,0.0,0.0,0.0,0.0,0,0.0,0.0,3548.0,3548.0,100.0,0.0,Ataque,Poucas,Meio Full,Quase Full,Poucas
36,36,Dedegas,Annihilon VI (542|456) K45,2937.0,2895.0,0.0,3.0,0.0,1200.0,0.0,200.0,0.0,0.0,0.0,0,0.0,7032.0,0.0,7232.0,0.0,97.2345132743363,Defesa,,,,
37,37,Dedegas,Annihilon VII (538|474) K45,0.0,0.0,673.0,0.0,440.0,0.0,73.0,0.0,0.0,0.0,0.0,0,0.0,0.0,1186.0,1186.0,100.0,0.0,Ataque,,Poucas,Poucas,Poucas
38,38,diziin,INN1 (559|417) K45,21.0,29.0,5200.0,290.0,1799.0,0.0,450.0,0.0,1.0,3.0,0.0,0,0.0,50.0,7449.0,7499.0,99.33324443259102,0.6667555674089879,Ataque,Quase Full,Quase Full,Full,Quase Full
39,39,diziin,INN2 (565|433) K45,5286.0,2735.0,0.0,1076.0,85.0,355.0,0.0,20.0,1.0,0.0,0.0,0,0.0,8376.0,85.0,8481.0,1.0022403018511967,98.76193845065441,Defesa,,Poucas,,Poucas
40,40,diziin,INN3 (565|423) K45,3911.0,2685.0,0.0,1054.0,110.0,400.0,0.0,0.0,0.0,0.0,0.0,0,0.0,6996.0,110.0,7106.0,1.5479876160990713,98.45201238390094,Defesa,,Poucas,,Poucas
41,41,Dominic2611,NOBRE (518|474) K45,2413.0,1400.0,0.0,200.0,0.0,0.0,0.0,0.0,0.0,0.0,0.0,0,0.0,3813.0,0.0,3813.0,0.0,100.0,Defesa,,,,
42,42,Dominic2611,NOBRE (522|477) K45,3480.0,5149.0,0.0,1093.0,0.0,0.0,0.0,0.0,0.0,1.0,0.0,0,0.0,8629.0,0.0,8629.0,0.0,100.0,Defesa,,,,
43,43,Dominic2611,NOBRE (520|473) K45,0.0,0.0,2200.0,50.0,322.0,0.0,40.0,0.0,0.0,0.0,0.0,0,0.0,0.0,2562.0,2562.0,100.0,0.0,Ataque,Poucas,Poucas,Poucas,Poucas
44,44,Dominic2611,NOBRE (521|475) K45,0.0,0.0,3500.0,0.0,1000.0,0.0,64.0,92.0,1.0,0.0,0.0,0,0.0,0.0,4564.0,4656.0,98.02405498281786,0.0,Ataque,Meio Full,Meio Full,Poucas,Meio Full
45,45,Dominic2611,NOBRE (518|475) K45,0.0,0.0,2000.0,0.0,457.0,0.0,0.0,0.0,0.0,0.0,0.0,0,0.0,0.0,2457.0,2457.0,100.0,0.0,Ataque,Poucas,Poucas,,Poucas
46,46,E.Diniz,#NOBRE001 (554|426) K45,100.0,100.0,6982.0,100.0,2424.0,0.0,300.0,150.0,1.0,4.0,0.0,0,0.0,200.0,9706.0,10056.0,96.51949085123309,1.988862370723946,Ataque,Quase Full,Quase Full,Full,Quase Full
47,47,E.Diniz,#NOBRE002 (551|428) K45,0.0,0.0,7000.0,0.0,1846.0,0.0,84.0,0.0,0.0,0.0,0.0,0,0.0,0.0,8930.0,8930.0,100.0,0.0,Ataque,Quase Full,Quase Full,Poucas,Quase Full
48,48,E.Diniz,#NOBRE003 (555|427) K45,0.0,83.0,7500.0,0.0,892.0,0.0,0.0,0.0,1.0,0.0,0.0,0,0.0,83.0,8392.0,8475.0,99.02064896755162,0.9793510324483775,Ataque,Full,Meio Full,,Quase Full
49,49,E.Diniz,NOBRE004 (551|426) K45,5145.0,4787.0,0.0,0.0,0.0,408.0,0.0,0.0,0.0,0.0,0.0,0,0.0,10340.0,0.0,10340.0,0.0,100.0,Defesa,,,,
50,50,E.Diniz,NOBRE005 (556|419) K45,3649.0,3887.0,0.0,1752.0,0.0,157.0,0.0,0.0,0.0,0.0,0.0,0,0.0,7693.0,0.0,7693.0,0.0,100.0,Defesa,,,,
51,51,felipepb,01 - TIGGAS! (532|451) K45,4500.0,4250.0,0.0,1000.0,5.0,800.0,0.0,300.0,1.0,0.0,0.0,0,0.0,9550.0,5.0,9855.0,0.050735667174023336,96.90512430238456,Defesa,,Poucas,,Poucas
52,52,felipepb,02 - TIGGAS! (531|452) K45,2000.0,2035.0,15.0,500.0,0.0,95.0,0.0,0.0,0.0,0.0,0.0,0,0.0,4130.0,15.0,4145.0,0.3618817852834741,99.63811821471653,Defesa,,,,Poucas
53,53,felipepb,03 - TIGGAS e Professor100! (555|445) K45,0.0,0.0,3308.0,0.0,993.0,0.0,165.0,30.0,0.0,0.0,0.0,0,0.0,0.0,4466.0,4496.0,99.33274021352312,0.0,Ataque,Meio Full,Meio Full,Meio Full,Meio Full
54,54,felipepb,04 - TIGGAS e Eduisblack! (541|454) K45,0.0,0.0,4635.0,0.0,1900.0,0.0,360.0,0.0,1.0,3.0,0.0,0,0.0,0.0,6895.0,6895.0,100.0,0.0,Ataque,Meio Full,Quase Full,Full,Quase Full
55,55,FloripaCampeche,002 (543|402) K45,3526.0,3504.0,0.0,940.0,0.0,94.0,7.0,0.0,1.0,0.0,0.0,2,0.0,7124.0,7.0,7131.0,0.0981629504978264,99.90183704950218,Defesa,,,Poucas,Poucas
56,56,FloripaCampeche,003 (547|403) K45,3579.0,3448.0,29.0,573.0,0.0,231.0,3.0,0.0,0.0,0.0,0.0,1,0.0,7258.0,32.0,7290.0,0.43895747599451307,99.56104252400549,Defesa,,,Poucas,Poucas
57,57,FloripaCampeche,004 (547|399) K35,3049.0,2966.0,0.0,433.0,99.0,614.0,0.0,0.0,0.0,0.0,0.0,20,0.0,6629.0,99.0,6728.0,1.471462544589774,98.52853745541023,Defesa,,Poucas,,Poucas
58,58,FloripaCampeche,F001 (544|402) K45,2759.0,1499.0,3904.0,21.0,1984.0,524.0,337.0,45.0,1.0,2.0,0.0,449,0.0,4782.0,6225.0,11052.0,56.32464712269273,43.268186753528774,Misto,Meio Full,Quase Full,Full,Meio Full
59,59,FloripaCampeche,F002 (551|408) K45,1219.0,1244.0,0.0,1903.0,20.0,0.0,5.0,0.0,0.0,0.0,0.0,4,0.0,2463.0,25.0,2488.0,1.004823151125402,98.99517684887459,Defesa,,Poucas,Poucas,Poucas
60,60,FloripaCampeche,Gaius Marius (553|407) K45,54.0,123.0,4001.0,350.0,1948.0,5.0,331.0,51.0,1.0,0.0,0.0,124,0.0,182.0,6280.0,6513.0,96.42253953631199,2.7944111776447107,Ataque,Meio Full,Quase Full,Full,Meio Full
61,61,FloripaCampeche,Morro dos Cavalos (567|409) K45,527.0,646.0,0.0,1281.0,0.0,0.0,0.0,0.0,0.0,0.0,0.0,1,0.0,1173.0,0.0,1173.0,0.0,100.0,Defesa,,,,
62,62,FloripaCampeche,Tainha (566|406) K45,2894.0,3540.0,0.0,821.0,300.0,0.0,0.0,0.0,0.0,0.0,0.0,57,0.0,6434.0,300.0,6734.0,4.455004455004455,95.54499554499554,Defesa,,Poucas,,Poucas
63,63,FloripaCampeche,"Tu dix extepo, an an an tax tolo (561|405) K45",0.0,0.0,0.0,0.0,0.0,0.0,0.0,0.0,0.0,0.0,0.0,0,8.0,0.0,0.0,0.0,,,,,,,
64,64,Galebss,Why So Serious? (541|431) K45,0.0,0.0,3677.0,108.0,1566.0,0.0,250.0,67.0,0.0,0.0,0.0,10,0.0,0.0,5493.0,5560.0,98.79496402877697,0.0,Ataque,Meio Full,Quase Full,Quase Full,Meio Full
65,65,Galebss,Why So Serious? (535|427) K45,1068.0,1050.0,0.0,821.0,0.0,0.0,0.0,135.0,1.0,0.0,0.0,0,0.0,2118.0,0.0,2253.0,0.0,94.00798934753661,Defesa,,,,
66,66,Galebss,Why So Serious? (543|417) K45,0.0,0.0,8108.0,200.0,3049.0,0.0,350.0,70.0,1.0,2.0,0.0,174,0.0,0.0,11507.0,11577.0,99.3953528547983,0.0,Ataque,Full,Full,Full,Full
67,67,Galebss,Why So Serious? (547|421) K45,5760.0,400.0,0.0,16.0,0.0,1094.0,0.0,60.0,0.0,0.0,0.0,0,0.0,7254.0,0.0,7314.0,0.0,99.17965545529123,Defesa,,,,
68,68,Galebss,Why So Serious? (542|418) K45,4267.0,4278.0,0.0,1520.0,0.0,250.0,11.0,188.0,1.0,0.0,0.0,0,0.0,8795.0,11.0,8994.0,0.12230375806092952,97.78741383144319,Defesa,,,Poucas,Poucas
69,69,Galebss,Why So Serious? (564|430) K45,3590.0,3622.0,0.0,1600.0,0.0,0.0,0.0,0.0,0.0,0.0,0.0,0,0.0,7212.0,0.0,7212.0,0.0,100.0,Defesa,,,,
70,70,Galebss,Why So Serious? (551|419) K45,6543.0,0.0,0.0,0.0,0.0,1237.0,0.0,0.0,0.0,0.0,0.0,0,0.0,7780.0,0.0,7780.0,0.0,100.0,Defesa,,,,
71,71,Galebss,Why So Serious? (548|410) K45,0.0,0.0,3304.0,118.0,1515.0,0.0,297.0,50.0,1.0,0.0,0.0,85,0.0,0.0,5116.0,5166.0,99.03213317847465,0.0,Ataque,Meio Full,Quase Full,Quase Full,Meio Full
72,72,Galebss,Why So Serious?-bonus (543|412) K45,0.0,0.0,5033.0,150.0,1974.0,0.0,300.0,0.0,0.0,0.0,0.0,0,0.0,0.0,7307.0,7307.0,100.0,0.0,Ataque,Quase Full,Quase Full,Full,Quase Full
73,73,Galebss,Why So Serious?-bonus (568|407) K45,2070.0,2096.0,0.0,1500.0,0.0,0.0,0.0,0.0,0.0,0.0,0.0,0,0.0,4166.0,0.0,4166.0,0.0,100.0,Defesa,,,,
74,74,guga dogão (sem permissão),CAPITAL (583|398) K35,0.0,0.0,0.0,0.0,0.0,0.0,0.0,0.0,0.0,0.0,0.0,?,0.0,0.0,0.0,0.0,,,,,,,
75,75,guga dogão (sem permissão),IGREJINHA (585|399) K35,0.0,0.0,0.0,0.0,0.0,0.0,0.0,0.0,0.0,0.0,0.0,?,0.0,0.0,0.0,0.0,,,,,,,
76,76,guga dogão (sem permissão),NEVOA (583|399) K35,0.0,0.0,0.0,0.0,0.0,0.0,0.0,0.0,0.0,0.0,0.0,?,0.0,0.0,0.0,0.0,,,,,,,
77,77,gunavale,Caveirão 01 (546|421) K45,3319.0,1620.0,429.0,1602.0,700.0,396.0,3.0,331.0,1.0,0.0,0.0,0,0.0,5335.0,1132.0,6798.0,16.6519564577817,78.47896440129449,Defesa,,Meio Full,Poucas,Poucas
78,78,gunavale,Caveirão 02 (545|420) K45,2867.0,1464.0,0.0,80.0,775.0,12.0,30.0,111.0,1.0,1.0,0.0,0,0.0,4343.0,805.0,5259.0,15.307092603156494,82.58223996957597,Defesa,,Meio Full,Poucas,Poucas
79,79,gunavale,Caveirão 03 (547|418) K45,1100.0,900.0,0.0,100.0,210.0,0.0,10.0,0.0,0.0,0.0,0.0,0,0.0,2000.0,220.0,2220.0,9.90990990990991,90.09009009009009,Defesa,,Poucas,Poucas,Poucas
80,80,gunavale,Caveirão 04 (550|422) K45,765.0,800.0,0.0,84.0,120.0,0.0,0.0,0.0,1.0,0.0,0.0,0,0.0,1565.0,120.0,1685.0,7.121661721068249,92.87833827893175,Defesa,,Poucas,,Poucas
81,81,gunavale,Caveirão 05 (548|421) K45,0.0,150.0,0.0,23.0,0.0,0.0,0.0,0.0,0.0,0.0,0.0,0,0.0,150.0,0.0,150.0,0.0,100.0,Defesa,,,,
82,82,gunavale,Caveirão 06 (544|421) K45,0.0,0.0,0.0,0.0,0.0,0.0,0.0,0.0,0.0,0.0,0.0,0,0.0,0.0,0.0,0.0,,,,,,,
83,83,igor.prado,Nobre (528|446) K45,92.0,0.0,0.0,0.0,0.0,0.0,0.0,0.0,1.0,0.0,0.0,0,0.0,92.0,0.0,92.0,0.0,100.0,Defesa,,,,
84,84,IMPERADOR KAMIMURA,01-Kanto (526|455) K45,165.0,148.0,7000.0,450.0,1764.0,10.0,350.0,50.0,1.0,4.0,0.0,0,0.0,323.0,9114.0,9487.0,96.06830399494044,3.404659007062296,Ataque,Quase Full,Quase Full,Full,Quase Full
85,85,IMPERADOR KAMIMURA,01-Tokyo (526|456) K45,18.0,0.0,1973.0,650.0,662.0,0.0,150.0,40.0,1.0,0.0,0.0,0,0.0,18.0,2785.0,2843.0,97.95990151248681,0.6331340133661625,Ataque,Poucas,Meio Full,Meio Full,Poucas
86,86,IMPERADOR KAMIMURA,02-Saitama (525|459) K45,3731.0,3731.0,0.0,430.0,0.0,560.0,0.0,120.0,1.0,0.0,0.0,0,0.0,8022.0,0.0,8142.0,0.0,98.52616064848931,Defesa,,,,
87,87,IMPERADOR KAMIMURA,03-Chiba (530|457) K45,6.0,0.0,5878.0,0.0,2100.0,1.0,350.0,50.0,0.0,0.0,0.0,0,0.0,7.0,8328.0,8385.0,99.32021466905188,0.08348240906380441,Ataque,Quase Full,Quase Full,Full,Quase Full
88,88,IMPERADOR KAMIMURA,04-Kanagawa (509|461) K45,545.0,500.0,0.0,250.0,0.0,17.0,0.0,10.0,0.0,0.0,0.0,0,0.0,1062.0,0.0,1072.0,0.0,99.06716417910447,Defesa,,,,
89,89,IMPERADOR KAMIMURA,05-Ibaraki (517|459) K45,540.0,540.0,0.0,400.0,0.0,0.0,0.0,0.0,0.0,0.0,0.0,0,0.0,1080.0,0.0,1080.0,0.0,100.0,Defesa,,,,
90,90,INDIO SEPÉ,BRITUNIA (521|427) K45,134.0,205.0,0.0,111.0,0.0,0.0,0.0,0.0,1.0,0.0,0.0,0,0.0,339.0,0.0,339.0,0.0,100.0,Defesa,,,,
91,91,INDIO SEPÉ,CIMÉRIA (526|442) K45,3432.0,3420.0,280.0,820.0,184.0,457.0,52.0,80.0,1.0,0.0,0.0,0,0.0,7309.0,516.0,7905.0,6.527514231499051,92.46046805819101,Defesa,,Poucas,Poucas,Poucas
92,92,INDIO SEPÉ,HIPERBÓREA (522|443) K45,2786.0,1274.0,176.0,814.0,0.0,61.0,0.0,0.0,0.0,0.0,0.0,0,0.0,4121.0,176.0,4297.0,4.09588084710263,95.90411915289737,Defesa,,,,Poucas
93,93,INDIO SEPÉ,NEMÉDIA (519|443) K45,570.0,584.0,2047.0,628.0,1037.0,0.0,31.0,0.0,0.0,0.0,0.0,0,0.0,1154.0,3115.0,4269.0,72.96790817521668,27.032091824783322,Ataque,Poucas,Meio Full,Poucas,Poucas
94,94,INDIO SEPÉ,PICTUS (520|429) K45,1163.0,550.0,0.0,631.0,6.0,90.0,12.0,15.0,1.0,0.0,0.0,0,0.0,1803.0,18.0,1836.0,0.9803921568627451,98.20261437908496,Defesa,,Poucas,Poucas,Poucas
95,95,INDIO SEPÉ,VANAHAIN (521|443) K45,27.0,20.0,0.0,0.0,0.0,0.0,0.0,0.0,0.0,0.0,0.0,0,0.0,47.0,0.0,47.0,0.0,100.0,Defesa,,,,
96,96,indiourbano,001 (561|454) K45,28.0,0.0,5400.0,50.0,2700.0,0.0,300.0,0.0,0.0,3.0,0.0,2,0.0,28.0,8400.0,8428.0,99.66777408637874,0.33222591362126247,Ataque,Quase Full,Full,Full,Quase Full
97,97,indiourbano,002 (564|451) K45,4200.0,4200.0,0.0,500.0,0.0,0.0,50.0,0.0,0.0,0.0,0.0,0,0.0,8400.0,50.0,8450.0,0.591715976331361,99.40828402366864,Defesa,,,Poucas,Poucas
98,98,indiourbano,003 (555|456) K45,4250.0,4250.0,0.0,500.0,0.0,0.0,50.0,0.0,0.0,0.0,0.0,0,0.0,8500.0,50.0,8550.0,0.5847953216374269,99.41520467836257,Defesa,,,Poucas,Poucas
99,99,indiourbano,004 (558|457) K45,45.0,0.0,3167.0,50.0,1587.0,0.0,125.0,0.0,1.0,0.0,0.0,0,0.0,45.0,4879.0,4924.0,99.08610885458977,0.9138911454102356,Ataque,Meio Full,Quase Full,Meio Full,Meio Full
100,100,indiourbano,005 (554|454) K45,1200.0,1078.0,0.0,100.0,0.0,0.0,0.0,0.0,1.0,0.0,0.0,0,0.0,2278.0,0.0,2278.0,0.0,100.0,Defesa,,,,
101,101,indiourbano,006 (551|449) K45,0.0,0.0,210.0,0.0,105.0,0.0,0.0,0.0,0.0,0.0,0.0,0,0.0,0.0,315.0,315.0,100.0,0.0,Ataque,,Poucas,,Poucas
102,102,indiourbano,007 (568|451) K45,0.0,0.0,150.0,0.0,65.0,0.0,0.0,0.0,0.0,0.0,0.0,0,0.0,0.0,215.0,215.0,100.0,0.0,Ataque,,Poucas,,Poucas
103,103,indiourbano,008 (560|454) K45,800.0,200.0,0.0,50.0,0.0,250.0,0.0,0.0,0.0,0.0,0.0,0,0.0,1250.0,0.0,1250.0,0.0,100.0,Defesa,,,,
104,104,indiourbano,009 (572|453) K45,50.0,100.0,0.0,0.0,0.0,0.0,0.0,0.0,0.0,0.0,0.0,0,0.0,150.0,0.0,150.0,0.0,100.0,Defesa,,,,
105,105,indiourbano,010 (569|448) K45,50.0,0.0,0.0,0.0,0.0,0.0,0.0,0.0,0.0,0.0,0.0,0,0.0,50.0,0.0,50.0,0.0,100.0,Defesa,,,,
106,106,indiourbano,011 (577|454) K45,0.0,0.0,0.0,0.0,0.0,0.0,0.0,0.0,0.0,0.0,0.0,0,0.0,0.0,0.0,0.0,,,,,,,
107,107,indiourbano,012 (569|440) K45,0.0,0.0,0.0,0.0,0.0,0.0,0.0,0.0,0.0,0.0,0.0,0,0.0,0.0,0.0,0.0,,,,,,,
108,108,italo-binno,Ghost 001 (560|413) K45,108.0,361.0,3397.0,1500.0,1250.0,0.0,100.0,155.0,1.0,2.0,0.0,0,0.0,469.0,4747.0,5371.0,88.38205175944888,8.732079687209087,Ataque,Meio Full,Meio Full,Poucas,Meio Full
109,109,italo-binno,Ghost 002 (559|413) K45,4118.0,3563.0,0.0,865.0,0.0,50.0,0.0,0.0,1.0,0.0,0.0,0,0.0,7731.0,0.0,7731.0,0.0,100.0,Defesa,,,,
110,110,italo-binno,Ghost 003 (559|416) K45,4068.0,3499.0,0.0,1000.0,0.0,0.0,0.0,0.0,0.0,0.0,0.0,0,0.0,7567.0,0.0,7567.0,0.0,100.0,Defesa,,,,
111,111,italo-binno,Ghost 004 (565|418) K45,0.0,0.0,2238.0,430.0,555.0,0.0,30.0,28.0,1.0,0.0,0.0,0,0.0,0.0,2823.0,2851.0,99.01788846018941,0.0,Ataque,Poucas,Meio Full,Poucas,Poucas
112,112,italo-binno,Ghost 005 (564|399) K35,0.0,0.0,1824.0,30.0,30.0,0.0,0.0,0.0,0.0,0.0,0.0,0,0.0,0.0,1854.0,1854.0,100.0,0.0,Ataque,Poucas,Poucas,,Poucas
113,113,italo-binno,Ghost 006 (568|413) K45,273.0,504.0,0.0,35.0,0.0,0.0,0.0,0.0,0.0,0.0,0.0,0,0.0,777.0,0.0,777.0,0.0,100.0,Defesa,,,,
114,114,ivan mario,Ivan Mario 01 (543|416) K45,0.0,0.0,7500.0,259.0,2439.0,0.0,275.0,168.0,1.0,3.0,0.0,241,0.0,0.0,10214.0,10382.0,98.38181467925256,0.0,Ataque,Full,Quase Full,Quase Full,Full
115,115,ivan mario,Ivan Mario 02 (546|415) K45,3314.0,3341.0,0.0,224.0,0.0,309.0,0.0,0.0,1.0,0.0,0.0,0,0.0,6964.0,0.0,6964.0,0.0,100.0,Defesa,,,,
116,116,ivan mario,Ivan Mario 03 (552|416) K45,60.0,20.0,2095.0,66.0,692.0,0.0,73.0,48.0,0.0,0.0,0.0,0,0.0,80.0,2860.0,2988.0,95.71619812583668,2.677376171352075,Ataque,Poucas,Meio Full,Poucas,Poucas
117,117,ivan mario,Ivan Mario 04 (544|409) K45,3031.0,3021.0,0.0,525.0,0.0,223.0,0.0,0.0,0.0,0.0,0.0,0,0.0,6275.0,0.0,6275.0,0.0,100.0,Defesa,,,,
118,118,ivan mario,Ivan Mario 05 (543|422) K45,2751.0,2728.0,0.0,619.0,0.0,489.0,0.0,0.0,1.0,0.0,0.0,0,0.0,5968.0,0.0,5968.0,0.0,100.0,Defesa,,,,
119,119,ivan mario,Ivan Mario 06 (540|427) K45,2895.0,2913.0,0.0,672.0,0.0,628.0,0.0,0.0,1.0,0.0,0.0,1,0.0,6436.0,0.0,6436.0,0.0,100.0,Defesa,,,,
120,120,ivan mario,Ivan Mario 07 (546|412) K45,0.0,0.0,1366.0,57.0,605.0,0.0,73.0,54.0,0.0,0.0,0.0,0,0.0,0.0,2044.0,2098.0,97.42612011439466,0.0,Ataque,Poucas,Meio Full,Poucas,Poucas
121,121,ivan mario,Ivan Mario 08 (541|437) K45,1391.0,1365.0,0.0,320.0,0.0,381.0,0.0,0.0,0.0,0.0,0.0,0,0.0,3137.0,0.0,3137.0,0.0,100.0,Defesa,,,,
122,122,ivan mario,Ivan Mario 09 (569|413) K45,0.0,0.0,0.0,672.0,0.0,0.0,0.0,0.0,0.0,0.0,0.0,0,0.0,0.0,0.0,0.0,,,,,,,
123,123,ivan mario,Ivan Mario 10 (570|413) K45,532.0,532.0,0.0,679.0,0.0,0.0,0.0,0.0,0.0,0.0,0.0,0,0.0,1064.0,0.0,1064.0,0.0,100.0,Defesa,,,,
124,124,kaverao,As Névoa do Cemitério (524|439) K45,34.0,0.0,4538.0,0.0,1839.0,0.0,267.0,0.0,1.0,4.0,0.0,0,0.0,34.0,6644.0,6678.0,99.49086552860138,0.5091344713986223,Ataque,Meio Full,Quase Full,Quase Full,Meio Full
125,125,kaverao,Cemitério Fazenda Martins (533|456) K45,6190.0,4625.0,0.0,561.0,0.0,378.0,0.0,0.0,0.0,0.0,0.0,0,0.0,11193.0,0.0,11193.0,0.0,100.0,Defesa,,,,
126,126,kaverao,Cemitério Santa Cristina (514|440) K45,2721.0,3891.0,0.0,403.0,0.0,0.0,0.0,0.0,0.0,0.0,0.0,0,0.0,6612.0,0.0,6612.0,0.0,100.0,Defesa,,,,
127,127,kaverao,Cemitério Santa Funda (521|442) K45,5142.0,5256.0,0.0,347.0,0.0,0.0,0.0,0.0,0.0,0.0,0.0,0,0.0,10398.0,0.0,10398.0,0.0,100.0,Defesa,,,,
128,128,kaverao,Cemitério São João Batista (525|442) K45,5174.0,5328.0,0.0,289.0,0.0,274.0,0.0,0.0,1.0,0.0,0.0,0,0.0,10776.0,0.0,10776.0,0.0,100.0,Defesa,,,,
129,129,kaverao,Nobre (530|450) K45,200.0,232.0,0.0,236.0,0.0,0.0,0.0,0.0,0.0,0.0,0.0,0,0.0,432.0,0.0,432.0,0.0,100.0,Defesa,,,,
130,130,kcond,Chegando mais (536|384) K35,0.0,0.0,687.0,100.0,369.0,0.0,0.0,0.0,1.0,0.0,0.0,0,0.0,0.0,1056.0,1056.0,100.0,0.0,Ataque,,Poucas,,Poucas
131,131,kcond,Cheguei (530|429) K45,0.0,316.0,2915.0,30.0,1306.0,0.0,77.0,2.0,0.0,1.0,0.0,0,0.0,316.0,4298.0,4616.0,93.1109185441941,6.84575389948007,Ataque,Poucas,Meio Full,Poucas,Meio Full
132,132,kcond,Explorador (549|432) K45,0.0,1891.0,5646.0,30.0,2857.0,0.0,402.0,0.0,1.0,2.0,0.0,0,0.0,1891.0,8905.0,10796.0,82.48425342719526,17.51574657280474,Ataque,Quase Full,Full,Full,Quase Full
133,133,kelvin,Bolsonaro (551|424) K45,0.0,0.0,5284.0,48.0,1513.0,0.0,310.0,0.0,0.0,0.0,0.0,0,0.0,0.0,7107.0,7107.0,100.0,0.0,Ataque,Quase Full,Quase Full,Full,Quase Full
134,134,kelvin,STF BANDIDO# (555|426) K45,5854.0,5097.0,1089.0,352.0,1136.0,789.0,165.0,0.0,1.0,4.0,0.0,0,0.0,11740.0,2390.0,14130.0,16.91436659589526,83.08563340410474,Defesa,Poucas,Meio Full,Meio Full,Poucas
135,135,kerpoo,Nobre #1 (567|415) K45,30.0,30.0,5900.0,250.0,2400.0,0.0,450.0,20.0,0.0,0.0,0.0,0,0.0,60.0,8750.0,8830.0,99.09399773499433,0.6795016987542469,Ataque,Quase Full,Quase Full,Full,Quase Full
136,136,kerpoo,Nobre #2 (568|422) K45,0.0,0.0,755.0,250.0,275.0,0.0,79.0,0.0,0.0,3.0,0.0,0,0.0,0.0,1109.0,1109.0,100.0,0.0,Ataque,,Poucas,Poucas,Poucas
137,137,kerpoo,Nobre #3 (567|418) K45,6000.0,3294.0,0.0,1000.0,0.0,519.0,0.0,0.0,1.0,0.0,0.0,0,0.0,9813.0,0.0,9813.0,0.0,100.0,Defesa,,,,
138,138,kerpoo,Nobre #4 (570|411) K45,5800.0,3150.0,0.0,100.0,0.0,575.0,0.0,0.0,0.0,0.0,0.0,0,0.0,9525.0,0.0,9525.0,0.0,100.0,Defesa,,,,
139,139,Kevyn 398,[001] (565|407) K45,5798.0,6102.0,0.0,350.0,0.0,9.0,4.0,0.0,1.0,0.0,0.0,0,0.0,11909.0,4.0,11913.0,0.03357676487870394,99.9664232351213,Defesa,,,Poucas,Poucas
140,140,Kevyn 398,[002] (564|419) K45,0.0,0.0,3335.0,350.0,1662.0,0.0,444.0,0.0,1.0,0.0,0.0,0,0.0,0.0,5441.0,5441.0,100.0,0.0,Ataque,Meio Full,Quase Full,Full,Meio Full
141,141,Kevyn 398,[003] (561|402) K45,1969.0,2310.0,1.0,350.0,0.0,0.0,4.0,0.0,0.0,0.0,0.0,0,0.0,4279.0,5.0,4284.0,0.11671335200746966,99.88328664799253,Defesa,,,Poucas,Poucas
142,142,Kevyn 398,[004] (580|411) K45,0.0,0.0,2903.0,300.0,828.0,0.0,239.0,0.0,0.0,0.0,0.0,0,0.0,0.0,3970.0,3970.0,100.0,0.0,Ataque,Poucas,Meio Full,Quase Full,Meio Full
143,143,KiiroSenkou,001 (540|451) K45,194.0,277.0,4721.0,240.0,1831.0,0.0,437.0,0.0,1.0,4.0,0.0,0,0.0,471.0,6989.0,7460.0,93.68632707774799,6.31367292225201,Ataque,Meio Full,Quase Full,Full,Quase Full
144,144,KiiroSenkou,002 (540|452) K45,3344.0,3270.0,0.0,226.0,0.0,213.0,0.0,0.0,0.0,0.0,0.0,0,0.0,6827.0,0.0,6827.0,0.0,100.0,Defesa,,,,
145,145,KiiroSenkou,003 (539|449) K45,4682.0,4541.0,0.0,1439.0,0.0,692.0,1.0,0.0,1.0,0.0,0.0,0,0.0,9915.0,1.0,9916.0,0.01008471157724889,99.98991528842275,Defesa,,,Poucas,Poucas
146,146,KiiroSenkou,004 (544|456) K45,0.0,0.0,3696.0,0.0,1503.0,0.0,335.0,0.0,1.0,0.0,0.0,0,0.0,0.0,5534.0,5534.0,100.0,0.0,Ataque,Meio Full,Quase Full,Full,Meio Full
147,147,KiiroSenkou,005 (534|456) K45,3700.0,3605.0,0.0,1064.0,0.0,628.0,0.0,0.0,0.0,0.0,0.0,0,0.0,7933.0,0.0,7933.0,0.0,100.0,Defesa,,,,
148,148,Kiuby,Nobre [001] Konoha (550|416) K45,6260.0,5488.0,0.0,2006.0,2.0,1003.0,17.0,0.0,1.0,1.0,0.0,0,0.0,12751.0,19.0,12770.0,0.14878621769772907,99.85121378230227,Defesa,,Poucas,Poucas,Poucas
149,149,Kiuby,Nobre [002] Suna (551|418) K45,3488.0,3371.0,0.0,601.0,0.0,817.0,0.0,0.0,0.0,0.0,0.0,0,0.0,7676.0,0.0,7676.0,0.0,100.0,Defesa,,,,
150,150,Kiuby,Nobre [003] Kiri (550|417) K45,0.0,0.0,4639.0,0.0,1766.0,0.0,300.0,106.0,1.0,0.0,0.0,0,0.0,0.0,6705.0,6811.0,98.44369402437235,0.0,Ataque,Meio Full,Quase Full,Full,Quase Full
151,151,Kiuby,Nobre [004] Kumo (555|423) K45,4500.0,3717.0,0.0,754.0,0.0,499.0,0.0,0.0,0.0,0.0,0.0,0,0.0,8716.0,0.0,8716.0,0.0,100.0,Defesa,,,,
152,152,Kiuby,Nobre [005] Iwa (551|422) K45,0.0,0.0,2284.0,0.0,222.0,0.0,0.0,0.0,1.0,0.0,0.0,0,0.0,0.0,2506.0,2506.0,100.0,0.0,Ataque,Poucas,Poucas,,Poucas
153,153,Kiuby,Nobre [006] Tetsu no Kuni (551|415) K45,0.0,0.0,1778.0,0.0,100.0,0.0,0.0,0.0,0.0,0.0,0.0,0,0.0,0.0,1878.0,1878.0,100.0,0.0,Ataque,Poucas,Poucas,,Poucas
154,154,LEANDRO P,LEANDRO P (567|408) K45,0.0,0.0,7546.0,0.0,3120.0,0.0,400.0,0.0,1.0,1.0,0.0,0,0.0,0.0,11066.0,11066.0,100.0,0.0,Ataque,Full,Full,Full,Full
155,155,LEANDRO P,LEANDRO P1 (562|403) K45,4969.0,3850.0,0.0,0.0,0.0,1727.0,10.0,0.0,0.0,0.0,0.0,0,0.0,10546.0,10.0,10556.0,0.094732853353543,99.90526714664647,Defesa,,,Poucas,Poucas
156,156,LEANDRO P,LEANDRO P2 (568|408) K45,0.0,3.0,2723.0,1000.0,953.0,0.0,25.0,0.0,0.0,0.0,0.0,0,0.0,3.0,3701.0,3704.0,99.91900647948164,0.08099352051835854,Ataque,Poucas,Meio Full,Poucas,Meio Full
157,157,LEANDRO P,LEANDRO P3 (570|410) K45,15.0,0.0,3164.0,110.0,1498.0,100.0,200.0,44.0,1.0,0.0,0.0,0,0.0,115.0,4862.0,5021.0,96.83330013941446,2.290380402310297,Ataque,Meio Full,Meio Full,Meio Full,Meio Full
158,158,leomondega,Nobre (556|415) K45,0.0,0.0,0.0,100.0,195.0,0.0,0.0,0.0,0.0,0.0,0.0,0,0.0,0.0,195.0,195.0,100.0,0.0,Ataque,,Poucas,,Poucas
159,159,leomondega,Nobre (543|409) K45,4000.0,2191.0,260.0,900.0,250.0,60.0,15.0,0.0,1.0,1.0,0.0,0,0.0,6251.0,525.0,6776.0,7.747933884297521,92.25206611570248,Defesa,,Poucas,Poucas,Poucas
160,160,leomondega,Nobre (548|398) K35,30.0,30.0,833.0,150.0,300.0,0.0,0.0,0.0,1.0,0.0,0.0,0,0.0,60.0,1133.0,1193.0,94.97066219614418,5.029337803855825,Ataque,,Poucas,,Poucas
161,161,Li Qiye,Dark Crow 001 (568|427) K45,0.0,0.0,4772.0,9.0,2668.0,0.0,400.0,5.0,1.0,4.0,0.0,46,0.0,0.0,7840.0,7845.0,99.93626513702995,0.0,Ataque,Meio Full,Full,Full,Quase Full
162,162,Li Qiye,Dark Crow 002 (568|423) K45,0.0,0.0,6586.0,0.0,2988.0,0.0,400.0,5.0,1.0,0.0,0.0,197,0.0,0.0,9974.0,9979.0,99.94989477903597,0.0,Ataque,Quase Full,Full,Full,Full
163,163,Li Qiye,Dark Crow 003 (570|426) K45,0.0,0.0,5044.0,0.0,2476.0,0.0,350.0,0.0,0.0,0.0,0.0,149,0.0,0.0,7870.0,7870.0,100.0,0.0,Ataque,Quase Full,Quase Full,Full,Quase Full
164,164,Li Qiye,Dark Crow 004 (569|428) K45,9447.0,9447.0,0.0,0.0,0.0,0.0,0.0,0.0,1.0,0.0,0.0,0,0.0,18894.0,0.0,18894.0,0.0,100.0,Defesa,,,,
165,165,Li Qiye,Dark Crow 005 (562|425) K45,7699.0,7576.0,0.0,0.0,0.0,0.0,0.0,0.0,0.0,0.0,0.0,0,0.0,15275.0,0.0,15275.0,0.0,100.0,Defesa,,,,
166,166,Li Qiye,Dark Crow 006 (564|428) K45,5169.0,5081.0,0.0,0.0,0.0,1.0,0.0,0.0,0.0,0.0,0.0,0,0.0,10251.0,0.0,10251.0,0.0,100.0,Defesa,,,,
167,167,Li Qiye,Dark Crow 007 (565|425) K45,4044.0,3754.0,0.0,1769.0,0.0,0.0,0.0,0.0,0.0,0.0,0.0,0,0.0,7798.0,0.0,7798.0,0.0,100.0,Defesa,,,,
168,168,Libertário,000 (517|444) K45,4997.0,6397.0,0.0,3005.0,0.0,0.0,0.0,100.0,1.0,0.0,0.0,0,0.0,11394.0,0.0,11494.0,0.0,99.12998085957892,Defesa,,,,
169,169,Libertário,001 (517|445) K45,0.0,0.0,5479.0,0.0,1717.0,0.0,404.0,0.0,1.0,0.0,0.0,0,0.0,0.0,7600.0,7600.0,100.0,0.0,Ataque,Quase Full,Quase Full,Full,Quase Full
170,170,Libertário,002 (516|443) K45,8665.0,0.0,0.0,500.0,0.0,1407.0,0.0,0.0,0.0,0.0,0.0,0,0.0,10072.0,0.0,10072.0,0.0,100.0,Defesa,,,,
171,171,Libertário,003 (514|445) K45,4332.0,2200.0,0.0,2000.0,0.0,0.0,0.0,0.0,0.0,0.0,0.0,0,0.0,6532.0,0.0,6532.0,0.0,100.0,Defesa,,,,
172,172,Libertário,004 (516|442) K45,0.0,0.0,3151.0,0.0,937.0,0.0,0.0,0.0,1.0,0.0,0.0,0,0.0,0.0,4088.0,4088.0,100.0,0.0,Ataque,Meio Full,Meio Full,,Meio Full
173,173,Libertário,005 (516|444) K45,759.0,0.0,0.0,0.0,0.0,0.0,0.0,0.0,0.0,0.0,0.0,0,0.0,759.0,0.0,759.0,0.0,100.0,Defesa,,,,
174,174,Lord Matheus,Nobre. Ataque .Ariete. (558|473) K45,5439.0,30.0,0.0,508.0,0.0,0.0,0.0,0.0,0.0,0.0,0.0,0,0.0,5469.0,0.0,5469.0,0.0,100.0,Defesa,,,,
175,175,Lord Matheus,Nobre. Ataque .Ariete. (560|469) K45,0.0,0.0,4925.0,0.0,2252.0,0.0,411.0,0.0,1.0,0.0,0.0,0,0.0,0.0,7588.0,7588.0,100.0,0.0,Ataque,Meio Full,Quase Full,Full,Quase Full
176,176,Lord Matheus,Nobre. Ataque .Ariete. (559|458) K45,0.0,0.0,3362.0,0.0,1412.0,0.0,266.0,0.0,0.0,0.0,0.0,0,0.0,0.0,5040.0,5040.0,100.0,0.0,Ataque,Meio Full,Meio Full,Quase Full,Meio Full
177,177,Lord Matheus,Nobre. Ataque .Ariete. (564|469) K45,0.0,0.0,4282.0,0.0,1882.0,0.0,323.0,0.0,0.0,0.0,0.0,0,0.0,0.0,6487.0,6487.0,100.0,0.0,Ataque,Meio Full,Quase Full,Full,Meio Full
178,178,Lord Matheus,Nobre. Ataque .Ariete. (562|466) K45,6893.0,0.0,54.0,1000.0,60.0,0.0,0.0,0.0,0.0,0.0,0.0,0,0.0,6893.0,114.0,7007.0,1.6269444840873413,98.37305551591265,Defesa,,Poucas,,Poucas
179,179,Lord Matheus,Nobre. Ataque .Ariete. (559|453) K45,0.0,0.0,1062.0,0.0,492.0,0.0,62.0,0.0,0.0,0.0,0.0,0,0.0,0.0,1616.0,1616.0,100.0,0.0,Ataque,Poucas,Poucas,Poucas,Poucas
180,180,Lord Matheus,Nobre. Ataque .Ariete. (564|458) K45,9748.0,500.0,0.0,210.0,0.0,0.0,0.0,0.0,1.0,0.0,0.0,0,0.0,10248.0,0.0,10248.0,0.0,100.0,Defesa,,,,
181,181,Lord Matheus,Nobre. Ataque .Ariete. (560|451) K45,0.0,0.0,1995.0,0.0,830.0,0.0,176.0,0.0,0.0,1.0,0.0,0,0.0,0.0,3001.0,3001.0,100.0,0.0,Ataque,Poucas,Meio Full,Meio Full,Poucas
182,182,Lord Matheus,Nobre. Ataque .Ariete. 0001 (549|473) K45,0.0,0.0,1340.0,0.0,581.0,0.0,127.0,0.0,0.0,0.0,0.0,0,0.0,0.0,2048.0,2048.0,100.0,0.0,Ataque,Poucas,Meio Full,Meio Full,Poucas
183,183,lorde dos anjos,aldeia da babilônia (548|429) K45,0.0,0.0,570.0,0.0,188.0,0.0,14.0,4.0,0.0,0.0,0.0,0,0.0,0.0,772.0,776.0,99.48453608247422,0.0,Ataque,,Poucas,Poucas,Poucas
184,184,lorde dos anjos,aldeia da folha (543|425) K45,282.0,2540.0,0.0,302.0,85.0,83.0,0.0,0.0,0.0,0.0,0.0,0,0.0,2905.0,85.0,2990.0,2.842809364548495,97.15719063545151,Defesa,,Poucas,,Poucas
185,185,lorde dos anjos,Chernobyl (544|425) K45,324.0,2738.0,136.0,923.0,0.0,0.0,0.0,0.0,0.0,0.0,0.0,0,0.0,3062.0,136.0,3198.0,4.252657911194497,95.7473420888055,Defesa,,,,Poucas
186,186,lorde dos anjos,cop.UMBRELLA. (549|431) K45,18.0,50.0,3493.0,1.0,1759.0,255.0,183.0,117.0,0.0,3.0,0.0,0,0.0,323.0,5435.0,5875.0,92.51063829787233,5.497872340425531,Ataque,Meio Full,Quase Full,Meio Full,Meio Full
187,187,Lucas.kaka,001 (548|432) K45,0.0,0.0,4016.0,0.0,1255.0,0.0,0.0,0.0,1.0,2.0,0.0,0,0.0,0.0,5271.0,5271.0,100.0,0.0,Ataque,Meio Full,Meio Full,,Meio Full
188,188,Lucas.kaka,002 (547|431) K45,1745.0,10120.0,0.0,0.0,0.0,0.0,0.0,0.0,1.0,1.0,0.0,0,0.0,11865.0,0.0,11865.0,0.0,100.0,Defesa,,,,
189,189,Lucas.kaka,003 (546|432) K45,0.0,558.0,0.0,0.0,0.0,803.0,0.0,0.0,0.0,0.0,0.0,0,0.0,1361.0,0.0,1361.0,0.0,100.0,Defesa,,,,
190,190,Lucas.kaka,004 (547|429) K45,3717.0,11.0,0.0,0.0,0.0,0.0,0.0,0.0,1.0,0.0,0.0,0,0.0,3728.0,0.0,3728.0,0.0,100.0,Defesa,,,,
191,191,Lucas.kaka,005 (549|433) K45,1129.0,0.0,0.0,0.0,0.0,0.0,0.0,0.0,0.0,0.0,0.0,0,0.0,1129.0,0.0,1129.0,0.0,100.0,Defesa,,,,
192,192,Mauricio charao,Apolo (502|467) K45,2059.0,3000.0,0.0,0.0,0.0,0.0,0.0,0.0,0.0,0.0,0.0,0,0.0,5059.0,0.0,5059.0,0.0,100.0,Defesa,,,,
193,193,Mauricio charao,Deméter (500|466) K45,1372.0,1903.0,0.0,0.0,0.0,0.0,0.0,0.0,0.0,0.0,0.0,0,0.0,3275.0,0.0,3275.0,0.0,100.0,Defesa,,,,
194,194,Mauricio charao,Hera (501|464) K45,0.0,17.0,0.0,0.0,0.0,0.0,0.0,0.0,0.0,0.0,0.0,0,0.0,17.0,0.0,17.0,0.0,100.0,Defesa,,,,
195,195,Mauricio charao,Rei Odim (501|467) K45,9626.0,9500.0,0.0,1000.0,0.0,0.0,0.0,0.0,1.0,1.0,0.0,0,0.0,19126.0,0.0,19126.0,0.0,100.0,Defesa,,,,
196,196,Mauricio charao,Vila kenedy (505|468) K45,0.0,0.0,1508.0,0.0,75.0,0.0,33.0,0.0,0.0,0.0,0.0,0,0.0,0.0,1616.0,1616.0,100.0,0.0,Ataque,Poucas,Poucas,Poucas,Poucas
197,197,Mauricio charao,Vila t. neves (503|466) K45,0.0,0.0,3079.0,0.0,600.0,0.0,343.0,0.0,1.0,0.0,0.0,0,0.0,0.0,4022.0,4022.0,100.0,0.0,Ataque,Meio Full,Meio Full,Full,Meio Full
198,198,Mauricio charao,Vila urlândia (500|465) K45,0.0,0.0,434.0,0.0,0.0,0.0,0.0,0.0,0.0,0.0,0.0,0,0.0,0.0,434.0,434.0,100.0,0.0,Ataque,,,,Poucas
199,199,Mayckonndr,Nobre (514|473) K45,664.0,497.0,396.0,229.0,160.0,0.0,6.0,6.0,1.0,0.0,0.0,0,0.0,1161.0,562.0,1729.0,32.50433776749566,67.14864083285136,Defesa,,Poucas,Poucas,Poucas
200,200,Mayckonndr,Nobre. (515|473) K45,37.0,45.0,0.0,15.0,0.0,0.0,0.0,0.0,0.0,0.0,0.0,0,0.0,82.0,0.0,82.0,0.0,100.0,Defesa,,,,
201,201,mike careca,mike the IV (562|410) K45,0.0,0.0,0.0,0.0,0.0,0.0,0.0,0.0,0.0,0.0,0.0,0,0.0,0.0,0.0,0.0,,,,,,,
202,202,mike careca,mikezada II (568|412) K45,1900.0,2545.0,0.0,1000.0,0.0,138.0,0.0,0.0,1.0,0.0,0.0,0,0.0,4583.0,0.0,4583.0,0.0,100.0,Defesa,,,,
203,203,mike careca,mikezada III (563|409) K45,260.0,535.0,0.0,0.0,0.0,123.0,0.0,0.0,0.0,0.0,0.0,0,0.0,918.0,0.0,918.0,0.0,100.0,Defesa,,,,
204,204,mike careca,NOBRE: MIKE (561|411) K45,340.0,486.0,5862.0,687.0,2052.0,0.0,258.0,63.0,1.0,1.0,0.0,0,0.0,826.0,8172.0,9061.0,90.18872089173381,9.11599161240481,Ataque,Quase Full,Quase Full,Quase Full,Quase Full
205,205,Newark,Newark (526|425) K45,0.0,0.0,2066.0,357.0,517.0,0.0,100.0,0.0,1.0,0.0,0.0,0,0.0,0.0,2683.0,2683.0,100.0,0.0,Ataque,Poucas,Meio Full,Poucas,Poucas
206,206,Newark,Newark (535|432) K45,4302.0,2564.0,0.0,530.0,0.0,225.0,0.0,0.0,1.0,0.0,0.0,0,0.0,7091.0,0.0,7091.0,0.0,100.0,Defesa,,,,
207,207,Newark,Newark (526|426) K45,1435.0,1842.0,0.0,398.0,0.0,0.0,0.0,0.0,0.0,0.0,0.0,0,0.0,3277.0,0.0,3277.0,0.0,100.0,Defesa,,,,
208,208,Newark,Newark (524|425) K45,0.0,120.0,0.0,300.0,0.0,54.0,0.0,0.0,0.0,0.0,0.0,0,0.0,174.0,0.0,174.0,0.0,100.0,Defesa,,,,
209,209,Newark,Newark (527|424) K45,0.0,0.0,1483.0,445.0,468.0,0.0,0.0,0.0,1.0,0.0,0.0,0,0.0,0.0,1951.0,1951.0,100.0,0.0,Ataque,Poucas,Poucas,,Poucas
210,210,Newark,Newark (528|426) K45,1295.0,1905.0,0.0,0.0,0.0,0.0,0.0,0.0,0.0,0.0,0.0,0,0.0,3200.0,0.0,3200.0,0.0,100.0,Defesa,,,,
211,211,Niloo,001 (546|463) K45,62.0,22.0,6080.0,1000.0,1646.0,0.0,370.0,0.0,1.0,5.0,0.0,4,0.0,84.0,8096.0,8180.0,98.97310513447432,1.0268948655256724,Ataque,Quase Full,Quase Full,Full,Quase Full
212,212,Niloo,002 (545|465) K45,0.0,0.0,4844.0,210.0,1377.0,0.0,262.0,0.0,1.0,0.0,0.0,0,0.0,0.0,6483.0,6483.0,100.0,0.0,Ataque,Meio Full,Meio Full,Quase Full,Meio Full
213,213,Niloo,003 (549|468) K45,0.0,0.0,5612.0,300.0,1665.0,0.0,350.0,0.0,1.0,0.0,0.0,0,0.0,0.0,7627.0,7627.0,100.0,0.0,Ataque,Quase Full,Quase Full,Full,Quase Full
214,214,Niloo,004 (547|469) K45,2805.0,4671.0,0.0,2078.0,0.0,0.0,0.0,0.0,0.0,0.0,0.0,0,0.0,7476.0,0.0,7476.0,0.0,100.0,Defesa,,,,
215,215,Niloo,005 (552|471) K45,2158.0,3186.0,0.0,1147.0,0.0,0.0,0.0,0.0,0.0,0.0,0.0,2,0.0,5344.0,0.0,5344.0,0.0,100.0,Defesa,,,,
216,216,Niloo,006 (539|470) K45,451.0,1281.0,0.0,170.0,0.0,928.0,0.0,0.0,0.0,0.0,0.0,1,0.0,2660.0,0.0,2660.0,0.0,100.0,Defesa,,,,
217,217,Off.,~Nobre (523|458) K45,4420.0,4317.0,0.0,1219.0,0.0,577.0,0.0,0.0,0.0,0.0,0.0,0,0.0,9314.0,0.0,9314.0,0.0,100.0,Defesa,,,,
218,218,Off.,~Nobre (520|457) K45,0.0,0.0,5864.0,400.0,2983.0,0.0,350.0,0.0,1.0,4.0,0.0,4,0.0,0.0,9197.0,9197.0,100.0,0.0,Ataque,Quase Full,Full,Full,Quase Full
219,219,Off.,~Nobre (519|459) K45,5207.0,5244.0,0.0,1791.0,0.0,630.0,6.0,10.0,1.0,0.0,0.0,2,0.0,11081.0,6.0,11097.0,0.054068667207353344,99.85581688744706,Defesa,,,Poucas,Poucas
220,220,Off.,~Nobre (520|431) K45,0.0,0.0,411.0,125.0,332.0,0.0,0.0,0.0,0.0,0.0,0.0,0,0.0,0.0,743.0,743.0,100.0,0.0,Ataque,,Poucas,,Poucas
221,221,OZOB,Protocolo Molotov 1 (524|444) K45,4070.0,2819.0,402.0,1072.0,76.0,0.0,0.0,27.0,1.0,1.0,0.0,0,0.0,6889.0,478.0,7394.0,6.464701109007303,93.17013794968894,Defesa,,Poucas,,Poucas
222,222,OZOB,Protocolo Molotov 2 (520|440) K45,101.0,133.0,3785.0,1015.0,64.0,0.0,0.0,0.0,1.0,0.0,0.0,0,0.0,234.0,3849.0,4083.0,94.26891991182954,5.731080088170462,Ataque,Meio Full,Poucas,,Meio Full
223,223,OZOB,Protocolo Molotov 3 (513|446) K45,1836.0,1585.0,0.0,1501.0,0.0,0.0,0.0,0.0,0.0,0.0,0.0,0,0.0,3421.0,0.0,3421.0,0.0,100.0,Defesa,,,,
224,224,OZOB,Protocolo Molotov 4 (520|439) K45,1641.0,1789.0,0.0,1308.0,0.0,0.0,0.0,0.0,1.0,0.0,0.0,0,0.0,3430.0,0.0,3430.0,0.0,100.0,Defesa,,,,
225,225,OZOB,Protocolo Molotov 5 (528|444) K45,677.0,440.0,0.0,494.0,0.0,0.0,0.0,0.0,0.0,0.0,0.0,0,0.0,1117.0,0.0,1117.0,0.0,100.0,Defesa,,,,
226,226,pbxl,001 | pb p crl (537|448) K45,0.0,0.0,4382.0,286.0,1347.0,0.0,83.0,0.0,1.0,0.0,0.0,0,0.0,0.0,5812.0,5812.0,100.0,0.0,Ataque,Meio Full,Meio Full,Poucas,Meio Full
227,227,pbxl,002 | pb trem louco (538|456) K45,147.0,2.0,3181.0,277.0,454.0,0.0,0.0,0.0,1.0,0.0,0.0,0,0.0,149.0,3635.0,3784.0,96.06236786469344,3.937632135306554,Ataque,Meio Full,Poucas,,Meio Full
228,228,pbxl,003 | pb trem bala (536|448) K45,2186.0,2107.0,0.0,339.0,0.0,0.0,0.0,0.0,0.0,0.0,0.0,0,0.0,4293.0,0.0,4293.0,0.0,100.0,Defesa,,,,
229,229,pbxl,004 | pb trem caro (532|454) K45,0.0,0.0,0.0,0.0,0.0,0.0,0.0,0.0,0.0,0.0,0.0,0,0.0,0.0,0.0,0.0,,,,,,,
230,230,Peeckz,-Nobre Peckz 001 (520|480) K45,1060.0,866.0,3125.0,0.0,331.0,0.0,172.0,0.0,1.0,3.0,0.0,0,0.0,1926.0,3628.0,5554.0,65.32229024126755,34.67770975873245,Misto,Meio Full,Poucas,Meio Full,Meio Full
231,231,Peeckz,-Nobre Peckz 002 (519|480) K45,0.0,0.0,3224.0,0.0,1204.0,0.0,300.0,47.0,1.0,0.0,0.0,0,0.0,0.0,4728.0,4775.0,99.01570680628272,0.0,Ataque,Meio Full,Meio Full,Full,Meio Full
232,232,Peeckz,-Nobre Peckz 003 (521|478) K45,3726.0,3223.0,0.0,0.0,0.0,0.0,0.0,0.0,0.0,0.0,0.0,0,0.0,6949.0,0.0,6949.0,0.0,100.0,Defesa,,,,
233,233,Peeckz,-Nobre Peckz 004 (519|481) K45,1967.0,1866.0,0.0,0.0,0.0,0.0,0.0,0.0,0.0,0.0,0.0,0,0.0,3833.0,0.0,3833.0,0.0,100.0,Defesa,,,,
234,234,Peeckz,-Nobre Peckz 005 (517|486) K45,0.0,0.0,2593.0,1.0,801.0,0.0,40.0,0.0,1.0,0.0,0.0,0,0.0,0.0,3434.0,3434.0,100.0,0.0,Ataque,Poucas,Meio Full,Poucas,Poucas
235,235,piedade,VOVÔ TW 001 (554|404) K45,0.0,0.0,505.0,0.0,100.0,0.0,35.0,2.0,1.0,3.0,0.0,0,0.0,0.0,640.0,642.0,99.68847352024922,0.0,Ataque,,Poucas,Poucas,Poucas
236,236,piedade,VOVÔ TW 002 (552|406) K45,817.0,1592.0,0.0,329.0,0.0,0.0,0.0,0.0,1.0,0.0,0.0,0,0.0,2409.0,0.0,2409.0,0.0,100.0,Defesa,,,,
237,237,piedade,VOVÔ TW 003 (554|403) K45,739.0,1017.0,0.0,270.0,0.0,0.0,0.0,0.0,0.0,0.0,0.0,0,0.0,1756.0,0.0,1756.0,0.0,100.0,Defesa,,,,
238,238,piedade,VOVÔ TW 004 (553|405) K45,936.0,1721.0,0.0,136.0,0.0,0.0,0.0,0.0,0.0,0.0,0.0,0,0.0,2657.0,0.0,2657.0,0.0,100.0,Defesa,,,,
239,239,piedade,VOVÔ TW 005 (554|399) K35,0.0,0.0,715.0,3.0,138.0,0.0,25.0,0.0,1.0,0.0,0.0,0,0.0,0.0,878.0,878.0,100.0,0.0,Ataque,,Poucas,Poucas,Poucas
240,240,predador258,001 (562|416) K45,0.0,0.0,0.0,0.0,0.0,0.0,0.0,0.0,0.0,0.0,0.0,0,0.0,0.0,0.0,0.0,,,,,,,
241,241,predador258,146 a.C. Macedônia-Acaia (558|413) K45,614.0,681.0,6900.0,0.0,1650.0,0.0,31.0,0.0,1.0,1.0,0.0,0,0.0,1295.0,8581.0,9876.0,86.8874038072094,13.112596192790605,Ataque,Quase Full,Quase Full,Poucas,Quase Full
242,242,predador258,1903 (556|414) K45,1929.0,2080.0,0.0,277.0,0.0,15.0,0.0,0.0,1.0,0.0,0.0,0,0.0,4024.0,0.0,4024.0,0.0,100.0,Defesa,,,,
243,243,predador258,Aldeia de wosgon (561|403) K45,400.0,577.0,0.0,0.0,0.0,100.0,0.0,0.0,0.0,0.0,0.0,0,0.0,1077.0,0.0,1077.0,0.0,100.0,Defesa,,,,
244,244,predador258,Kateggat (555|414) K45,300.0,300.0,3150.0,100.0,745.0,0.0,0.0,0.0,1.0,0.0,0.0,0,0.0,600.0,3895.0,4495.0,86.65183537263627,13.348164627363737,Ataque,Meio Full,Meio Full,,Meio Full
245,245,predilect10,[01] - The Legacy (566|411) K45,0.0,0.0,9986.0,290.0,3085.0,0.0,300.0,0.0,0.0,4.0,0.0,103,0.0,0.0,13371.0,13371.0,100.0,0.0,Ataque,Full,Full,Full,Full
246,246,predilect10,[02] - The Legacy (563|408) K45,5956.0,4019.0,0.0,888.0,0.0,798.0,0.0,0.0,1.0,0.0,0.0,0,0.0,10773.0,0.0,10773.0,0.0,100.0,Defesa,,,,
247,247,predilect10,[03] - The Legacy (563|405) K45,5375.0,4121.0,0.0,990.0,0.0,342.0,3.0,0.0,1.0,0.0,0.0,0,0.0,9838.0,3.0,9841.0,0.0304847068387359,99.96951529316127,Defesa,,,Poucas,Poucas
248,248,predilect10,[04] - The Legacy (564|417) K45,0.0,0.0,5709.0,139.0,2757.0,0.0,478.0,270.0,1.0,0.0,0.0,53,0.0,0.0,8944.0,9214.0,97.06967657911873,0.0,Ataque,Quase Full,Full,Full,Quase Full
249,249,predilect10,[05] - The Legacy (563|414) K45,4706.0,2875.0,0.0,392.0,0.0,248.0,0.0,0.0,0.0,0.0,0.0,0,0.0,7829.0,0.0,7829.0,0.0,100.0,Defesa,,,,
250,250,predilect10,[06] - The Legacy (572|394) K35,0.0,0.0,4912.0,197.0,2438.0,0.0,300.0,0.0,0.0,1.0,0.0,41,0.0,0.0,7650.0,7650.0,100.0,0.0,Ataque,Meio Full,Quase Full,Full,Quase Full
251,251,renatocesarlira,001 | Oykot Kingdom (534|417) K45,6194.0,500.0,0.0,209.0,0.0,1032.0,0.0,100.0,1.0,1.0,0.0,0,0.0,7726.0,0.0,7826.0,0.0,98.72220802453361,Defesa,,,,
252,252,renatocesarlira,002 | Foodvalten (535|415) K45,0.0,0.0,1663.0,589.0,886.0,0.0,178.0,0.0,1.0,0.0,0.0,104,0.0,0.0,2727.0,2727.0,100.0,0.0,Ataque,Poucas,Meio Full,Meio Full,Poucas
253,253,renatocesarlira,003 | Lodestar Island (567|407) K45,360.0,707.0,0.0,0.0,0.0,0.0,0.0,0.0,0.0,0.0,0.0,1,0.0,1067.0,0.0,1067.0,0.0,100.0,Defesa,,,,
254,254,renatocesarlira,004 | Raijin Island (571|409) K45,54.0,725.0,0.0,0.0,0.0,0.0,0.0,0.0,0.0,0.0,0.0,1,0.0,779.0,0.0,779.0,0.0,100.0,Defesa,,,,
255,255,Rokcclane,NOBRE A (569|468) K45,500.0,502.0,5688.0,300.0,2359.0,0.0,300.0,100.0,1.0,0.0,0.0,0,0.0,1002.0,8347.0,9449.0,88.33739020002118,10.60429675097894,Ataque,Quase Full,Quase Full,Full,Quase Full
256,256,Rokcclane,NOBRE B (560|468) K45,500.0,500.0,5596.0,300.0,2846.0,0.0,300.0,100.0,1.0,0.0,0.0,0,0.0,1000.0,8742.0,9842.0,88.82340987604145,10.16053647632595,Ataque,Quase Full,Full,Full,Quase Full
257,257,Rokcclane,NOBRE C (561|468) K45,500.0,501.0,4861.0,300.0,2954.0,0.0,300.0,100.0,1.0,0.0,0.0,0,0.0,1001.0,8115.0,9216.0,88.05338541666666,10.86154513888889,Ataque,Meio Full,Full,Full,Quase Full
258,258,Rokcclane,NOBRE D (563|468) K45,500.0,500.0,4442.0,300.0,2778.0,0.0,300.0,100.0,0.0,0.0,0.0,0,0.0,1000.0,7520.0,8620.0,87.23897911832947,11.600928074245939,Ataque,Meio Full,Full,Full,Quase Full
259,259,Rokcclane,NOBRE E (562|470) K45,500.0,500.0,2200.0,301.0,1998.0,0.0,300.0,100.0,0.0,0.0,0.0,0,0.0,1000.0,4498.0,5598.0,80.35012504465881,17.863522686673814,Ataque,Poucas,Quase Full,Full,Meio Full
260,260,Rokcclane,NOBRE F (562|461) K45,500.0,500.0,380.0,300.0,710.0,0.0,0.0,0.0,0.0,0.0,0.0,0,0.0,1000.0,1090.0,2090.0,52.15311004784689,47.84688995215311,Misto,,Meio Full,,Poucas
261,261,Rokcclane,NOBRE G (562|463) K45,202.0,197.0,14.0,7.0,131.0,0.0,0.0,0.0,0.0,0.0,0.0,0,0.0,399.0,145.0,544.0,26.65441176470588,73.34558823529412,Defesa,,Poucas,,Poucas
262,262,Rokcclane,NOBRE H (563|463) K45,263.0,209.0,31.0,3.0,87.0,0.0,0.0,0.0,0.0,0.0,0.0,0,0.0,472.0,118.0,590.0,20.0,80.0,Defesa,,Poucas,,Poucas
263,263,Rokcclane,NOBRE I (558|471) K45,204.0,158.0,10.0,4.0,74.0,0.0,0.0,0.0,0.0,0.0,0.0,0,0.0,362.0,84.0,446.0,18.83408071748879,81.16591928251121,Defesa,,Poucas,,Poucas
264,264,Sibus,#01 Village (547|419) K45,0.0,0.0,5707.0,240.0,2435.0,0.0,300.0,5.0,1.0,4.0,0.0,14,0.0,0.0,8442.0,8447.0,99.94080738723807,0.0,Ataque,Quase Full,Quase Full,Full,Quase Full
265,265,Sibus,#02 Village Bonus (551|421) K45,4282.0,100.0,0.0,502.0,300.0,653.0,0.0,0.0,0.0,0.0,0.0,65,0.0,5035.0,300.0,5335.0,5.623242736644799,94.3767572633552,Defesa,,Poucas,,Poucas
266,266,Sibus,#03 Village (550|415) K45,4782.0,4789.0,0.0,101.0,347.0,0.0,15.0,0.0,1.0,0.0,0.0,35,0.0,9571.0,362.0,9933.0,3.64441759790597,96.35558240209403,Defesa,,Poucas,Poucas,Poucas
267,267,Sibus,#04 Village Bonus (550|401) K45,0.0,0.0,3370.0,249.0,1530.0,0.0,154.0,0.0,1.0,0.0,0.0,153,0.0,0.0,5054.0,5054.0,100.0,0.0,Ataque,Meio Full,Quase Full,Meio Full,Meio Full
268,268,Sibus,#05 Village (551|413) K45,1514.0,1520.0,0.0,100.0,296.0,0.0,0.0,0.0,0.0,0.0,0.0,29,0.0,3034.0,296.0,3330.0,8.88888888888889,91.11111111111111,Defesa,,Poucas,,Poucas
269,269,Sibus,#06 Village (556|400) K45,600.0,567.0,0.0,100.0,300.0,0.0,0.0,0.0,0.0,0.0,0.0,30,0.0,1167.0,300.0,1467.0,20.449897750511248,79.55010224948876,Defesa,,Poucas,,Poucas
270,270,STORM 1,001 | Nobre (539|437) K45,5437.0,5990.0,301.0,248.0,600.0,300.0,100.0,200.0,1.0,2.0,0.0,0,0.0,11727.0,1001.0,12928.0,7.742883663366337,90.71008663366337,Defesa,,Meio Full,Poucas,Poucas
271,271,STORM 1,002 | Nobre (531|428) K45,171.0,0.0,1985.0,155.0,706.0,0.0,102.0,90.0,1.0,0.0,0.0,0,0.0,171.0,2793.0,3054.0,91.45383104125737,5.599214145383105,Ataque,Poucas,Meio Full,Meio Full,Poucas
272,272,STORM 1,003 | Nobre (540|432) K45,1.0,43.0,138.0,4.0,42.0,0.0,0.0,0.0,0.0,0.0,0.0,0,0.0,44.0,180.0,224.0,80.35714285714286,19.642857142857142,Ataque,,Poucas,,Poucas
273,273,STORM 1,004 | Nobre (529|427) K45,0.0,0.0,0.0,0.0,0.0,0.0,0.0,0.0,0.0,0.0,0.0,0,0.0,0.0,0.0,0.0,,,,,,,
274,274,str4tegist,Nobre (549|404) K45,7447.0,4070.0,0.0,1155.0,0.0,1200.0,0.0,0.0,0.0,0.0,0.0,0,0.0,12717.0,0.0,12717.0,0.0,100.0,Defesa,,,,
275,275,str4tegist,Nobre (549|405) K45,0.0,0.0,5416.0,800.0,2650.0,100.0,310.0,50.0,1.0,4.0,0.0,0,0.0,100.0,8376.0,8526.0,98.24067558057706,1.172882946281961,Ataque,Quase Full,Full,Full,Quase Full
276,276,str4tegist,Nobre (549|401) K45,7453.0,4028.0,0.0,947.0,0.0,1200.0,10.0,0.0,0.0,0.0,0.0,0,0.0,12681.0,10.0,12691.0,0.0787959971633441,99.92120400283666,Defesa,,,Poucas,Poucas
277,277,str4tegist,Nobre (550|403) K45,0.0,0.0,600.0,0.0,343.0,0.0,0.0,0.0,0.0,0.0,0.0,0,0.0,0.0,943.0,943.0,100.0,0.0,Ataque,,Poucas,,Poucas
278,278,str4tegist,Nobre (551|401) K45,6781.0,2718.0,0.0,660.0,0.0,1049.0,5.0,0.0,1.0,0.0,0.0,0,0.0,10548.0,5.0,10553.0,0.0473798919738463,99.95262010802615,Defesa,,,Poucas,Poucas
279,279,str4tegist,Nobre (557|400) K45,7044.0,3145.0,0.0,884.0,0.0,1200.0,0.0,0.0,1.0,0.0,0.0,0,0.0,11389.0,0.0,11389.0,0.0,100.0,Defesa,,,,
280,280,Stvitinho,Nobre (564|427) K45,4897.0,2213.0,0.0,390.0,0.0,650.0,0.0,30.0,0.0,0.0,0.0,0,0.0,7760.0,0.0,7790.0,0.0,99.61489088575097,Defesa,,,,
281,281,Stvitinho,Nobre (562|426) K45,150.0,110.0,2745.0,433.0,1073.0,0.0,230.0,10.0,1.0,1.0,0.0,0,0.0,260.0,4048.0,4318.0,93.7471051412691,6.021306160259379,Ataque,Poucas,Meio Full,Quase Full,Meio Full
282,282,taffarel12,ESPARTA (524|451) K45,220.0,244.0,3553.0,31.0,1714.0,0.0,470.0,124.0,1.0,0.0,0.0,0,0.0,464.0,5737.0,6325.0,90.70355731225297,7.335968379446641,Ataque,Meio Full,Quase Full,Full,Meio Full
283,283,taffarel12,ESPARTA 2 (520|427) K45,132.0,234.0,0.0,18.0,0.0,0.0,0.0,0.0,1.0,0.0,0.0,0,0.0,366.0,0.0,366.0,0.0,100.0,Defesa,,,,
284,284,taffarel12,ESPARTA 3 (518|429) K45,40.0,164.0,0.0,13.0,0.0,0.0,0.0,0.0,0.0,0.0,0.0,0,0.0,204.0,0.0,204.0,0.0,100.0,Defesa,,,,
285,285,taffarel12,EX Alex gracie (521|448) K45,0.0,0.0,3932.0,187.0,1537.0,0.0,346.0,19.0,0.0,0.0,0.0,0,0.0,0.0,5815.0,5834.0,99.67432293452177,0.0,Ataque,Meio Full,Quase Full,Full,Meio Full
286,286,taffarel12,EX Buzim001 (519|428) K45,0.0,0.0,4580.0,0.0,1672.0,0.0,409.0,0.0,0.0,1.0,0.0,0,0.0,0.0,6661.0,6661.0,100.0,0.0,Ataque,Meio Full,Quase Full,Full,Meio Full
287,287,taffarel12,EX k8tiago (525|449) K45,3148.0,3465.0,0.0,169.0,0.0,0.0,0.0,0.0,0.0,0.0,0.0,0,0.0,6613.0,0.0,6613.0,0.0,100.0,Defesa,,,,
288,288,taffarel12,EX legionário Borges (515|432) K45,0.0,0.0,2783.0,46.0,755.0,0.0,120.0,0.0,0.0,0.0,0.0,0,0.0,0.0,3658.0,3658.0,100.0,0.0,Ataque,Poucas,Meio Full,Meio Full,Meio Full
289,289,taffarel12,EX Ransvaldo (523|455) K45,4166.0,3398.0,0.0,652.0,0.0,330.0,0.0,0.0,1.0,0.0,0.0,0,0.0,7894.0,0.0,7894.0,0.0,100.0,Defesa,,,,
290,290,taffarel12,EX reinaldoscariot (518|445) K45,0.0,0.0,4745.0,34.0,1660.0,0.0,400.0,34.0,1.0,0.0,0.0,0,0.0,0.0,6805.0,6839.0,99.50285129404884,0.0,Ataque,Meio Full,Quase Full,Full,Quase Full
291,291,taffarel12,EX Teta Loka (525|451) K45,5058.0,4817.0,0.0,905.0,0.0,545.0,0.0,6.0,0.0,0.0,0.0,0,0.0,10420.0,0.0,10426.0,0.0,99.94245156339919,Defesa,,,,
292,292,taffarel12,Ex TpMaximus (512|448) K45,2457.0,2533.0,0.0,97.0,0.0,0.0,0.0,0.0,0.0,0.0,0.0,0,0.0,4990.0,0.0,4990.0,0.0,100.0,Defesa,,,,
293,293,tunico petry 65,VILA (556|398) K35,3179.0,3103.0,0.0,577.0,0.0,437.0,0.0,0.0,0.0,0.0,0.0,0,0.0,6719.0,0.0,6719.0,0.0,100.0,Defesa,,,,
294,294,tunico petry 65,VILA 01 (560|409) K45,0.0,0.0,6500.0,190.0,2718.0,623.0,405.0,40.0,1.0,0.0,0.0,30,0.0,623.0,9623.0,10286.0,93.5543457126191,6.056776200661092,Ataque,Quase Full,Full,Full,Quase Full
295,295,tunico petry 65,VILA 02 (561|409) K45,4081.0,3986.0,0.0,711.0,0.0,798.0,0.0,0.0,1.0,0.0,0.0,1,0.0,8865.0,0.0,8865.0,0.0,100.0,Defesa,,,,
296,296,tunico petry 65,VILA 03 (564|411) K45,4203.0,4065.0,0.0,753.0,0.0,1000.0,0.0,0.0,0.0,0.0,0.0,0,0.0,9268.0,0.0,9268.0,0.0,100.0,Defesa,,,,
297,297,tunico petry 65,VILA 04 (561|406) K45,3276.0,3144.0,0.0,709.0,0.0,275.0,0.0,0.0,0.0,0.0,0.0,0,0.0,6695.0,0.0,6695.0,0.0,100.0,Defesa,,,,
298,298,tunico petry 65,VILA 05 (555|398) K35,0.0,10.0,6000.0,100.0,2090.0,444.0,363.0,40.0,1.0,1.0,0.0,17,0.0,454.0,8453.0,8947.0,94.47859617748966,5.0743265899184085,Ataque,Quase Full,Quase Full,Full,Quase Full
299,299,tunico petry 65,VILA 06 (555|397) K35,1850.0,1772.0,0.0,600.0,0.0,0.0,0.0,0.0,0.0,0.0,0.0,0,0.0,3622.0,0.0,3622.0,0.0,100.0,Defesa,,,,
300,300,tunico petry 65,VILA 07 (553|395) K35,0.0,0.0,1519.0,51.0,669.0,42.0,179.0,0.0,0.0,0.0,0.0,26,0.0,42.0,2367.0,2409.0,98.25653798256539,1.7434620174346203,Ataque,Poucas,Meio Full,Meio Full,Poucas
301,301,vitorcabeoso,Nobre (562|438) K45,0.0,0.0,4996.0,106.0,1694.0,0.0,430.0,0.0,1.0,1.0,0.0,0,0.0,0.0,7120.0,7120.0,100.0,0.0,Ataque,Meio Full,Quase Full,Full,Quase Full
302,302,vitorcabeoso,Nobre (563|440) K45,0.0,0.0,3878.0,108.0,1514.0,0.0,236.0,0.0,0.0,0.0,0.0,0,0.0,0.0,5628.0,5628.0,100.0,0.0,Ataque,Meio Full,Quase Full,Quase Full,Meio Full
303,303,vitorcabeoso,Nobre (565|436) K45,4379.0,4226.0,0.0,1147.0,0.0,0.0,1.0,0.0,0.0,0.0,0.0,0,0.0,8605.0,1.0,8606.0,0.011619800139437602,99.98838019986056,Defesa,,,Poucas,Poucas
304,304,vitorcabeoso,Nobre (566|439) K45,0.0,0.0,2727.0,104.0,839.0,0.0,113.0,0.0,0.0,0.0,0.0,0,0.0,0.0,3679.0,3679.0,100.0,0.0,Ataque,Poucas,Meio Full,Meio Full,Meio Full
305,305,vitorcabeoso,Nobre (559|434) K45,5168.0,5145.0,0.0,1125.0,0.0,0.0,0.0,0.0,0.0,0.0,0.0,0,0.0,10313.0,0.0,10313.0,0.0,100.0,Defesa,,,,
306,306,vitorcabeoso,Nobre (559|432) K45,3452.0,3651.0,0.0,1053.0,0.0,0.0,0.0,0.0,1.0,0.0,0.0,0,0.0,7103.0,0.0,7103.0,0.0,100.0,Defesa,,,,
307,307,vitorcabeoso,Nobre (558|419) K45,0.0,0.0,4635.0,106.0,1703.0,0.0,450.0,0.0,1.0,0.0,0.0,0,0.0,0.0,6788.0,6788.0,100.0,0.0,Ataque,Meio Full,Quase Full,Full,Quase Full
308,308,vitorcabeoso,Nobre (563|421) K45,2705.0,2548.0,0.0,1144.0,0.0,0.0,0.0,0.0,0.0,0.0,0.0,0,0.0,5253.0,0.0,5253.0,0.0,100.0,Defesa,,,,
309,309,vitorcabeoso,[04] (536|426) K45,0.0,0.0,120.0,0.0,289.0,0.0,0.0,0.0,0.0,0.0,0.0,0,0.0,0.0,409.0,409.0,100.0,0.0,Ataque,,Poucas,,Poucas
310,310,vrauz,I - Vivaz (575|402) K45,2212.0,2288.0,0.0,861.0,0.0,0.0,0.0,0.0,1.0,0.0,0.0,6,0.0,4500.0,0.0,4500.0,0.0,100.0,Defesa,,,,
311,311,vrauz,"II - Nobre, fake ou full? (575|395) K35",0.0,0.0,2996.0,0.0,1486.0,0.0,88.0,0.0,0.0,0.0,0.0,1,0.0,0.0,4570.0,4570.0,100.0,0.0,Ataque,Poucas,Meio Full,Poucas,Meio Full
312,312,willianzachow,Ellesmera [001] (570|405) K45,0.0,0.0,7750.0,100.0,2900.0,0.0,450.0,0.0,1.0,1.0,0.0,0,0.0,0.0,11100.0,11100.0,100.0,0.0,Ataque,Full,Full,Full,Full
313,313,willianzachow,Ellesmera [002] (574|403) K45,863.0,450.0,3728.0,60.0,1432.0,252.0,314.0,0.0,0.0,0.0,0.0,0,0.0,1565.0,5474.0,7039.0,77.76672822844154,22.23327177155846,Ataque,Meio Full,Meio Full,Full,Meio Full
314,314,willianzachow,Ellesmera [003] (576|407) K45,0.0,0.0,7000.0,100.0,2800.0,0.0,450.0,0.0,0.0,0.0,0.0,0,0.0,0.0,10250.0,10250.0,100.0,0.0,Ataque,Quase Full,Full,Full,Full
315,315,willianzachow,Ellesmera [004] (572|405) K45,3706.0,2053.0,0.0,100.0,0.0,798.0,0.0,0.0,1.0,0.0,0.0,0,0.0,6557.0,0.0,6557.0,0.0,100.0,Defesa,,,,
316,316,willianzachow,Ellesmera [005] (572|407) K45,2659.0,1479.0,873.0,988.0,381.0,467.0,93.0,0.0,1.0,0.0,0.0,0,0.0,4605.0,1347.0,5952.0,22.631048387096776,77.36895161290323,Defesa,,Poucas,Poucas,Poucas
317,317,willianzachow,Ellesmera [006] (580|410) K45,2400.0,1341.0,0.0,320.0,0.0,0.0,0.0,0.0,0.0,0.0,0.0,0,0.0,3741.0,0.0,3741.0,0.0,100.0,Defesa,,,,
318,318,yuji da matta,Nobre 01 (535|456) K45,9041.0,8057.0,0.0,1400.0,0.0,0.0,0.0,0.0,1.0,4.0,0.0,0,0.0,17098.0,0.0,17098.0,0.0,100.0,Defesa,,,,
319,319,yuji da matta,Nobre 02 (526|461) K45,0.0,0.0,5916.0,0.0,2430.0,0.0,377.0,0.0,1.0,0.0,0.0,0,0.0,0.0,8723.0,8723.0,100.0,0.0,Ataque,Quase Full,Quase Full,Full,Quase Full
320,320,yuji da matta,Nobre 03 (529|458) K45,6400.0,7169.0,0.0,1133.0,0.0,0.0,0.0,0.0,0.0,0.0,0.0,0,0.0,13569.0,0.0,13569.0,0.0,100.0,Defesa,,,,
321,321,yuji da matta,Nobre 04 (526|469) K45,0.0,0.0,4380.0,0.0,2236.0,0.0,390.0,0.0,0.0,0.0,0.0,0,0.0,0.0,7006.0,7006.0,100.0,0.0,Ataque,Meio Full,Quase Full,Full,Quase Full
322,322,yuji da matta,Nobre 05 (525|450) K45,0.0,0.0,5539.0,0.0,2065.0,0.0,400.0,0.0,1.0,0.0,0.0,0,0.0,0.0,8004.0,8004.0,100.0,0.0,Ataque,Quase Full,Quase Full,Full,Quase Full
323,323,zTioSam,A A Bonde do Tanza (552|421) K45,0.0,0.0,0.0,0.0,0.0,0.0,0.0,0.0,0.0,0.0,0.0,?,0.0,0.0,0.0,0.0,,,,,,,
324,324,zTioSam,Bonde do Tanza (534|428) K45,0.0,0.0,0.0,0.0,0.0,0.0,0.0,0.0,0.0,0.0,0.0,?,0.0,0.0,0.0,0.0,,,,,,,
325,325,zTioSam,Bonde do Tanza (534|426) K45,0.0,0.0,0.0,0.0,0.0,0.0,0.0,0.0,0.0,0.0,0.0,?,0.0,0.0,0.0,0.0,,,,,,,
326,326,zTioSam,Bonde do Tanza (544|424) K45,0.0,0.0,0.0,0.0,0.0,0.0,0.0,0.0,0.0,0.0,0.0,?,0.0,0.0,0.0,0.0,,,,,,,
327,327,zTioSam,Bonde do Tanza (534|429) K45,0.0,0.0,0.0,0.0,0.0,0.0,0.0,0.0,0.0,0.0,0.0,?,0.0,0.0,0.0,0.0,,,,,,,
328,328,zTioSam,Bonde do Tanza (545|428) K45,0.0,0.0,0.0,0.0,0.0,0.0,0.0,0.0,0.0,0.0,0.0,?,0.0,0.0,0.0,0.0,,,,,,,
329,329,zTioSam,Bonde do Tanza (543|424) K45,0.0,0.0,0.0,0.0,0.0,0.0,0.0,0.0,0.0,0.0,0.0,?,0.0,0.0,0.0,0.0,,,,,,,
330,330,zTioSam,Bonde do Tanza (545|423) K45,0.0,0.0,0.0,0.0,0.0,0.0,0.0,0.0,0.0,0.0,0.0,?,0.0,0.0,0.0,0.0,,,,,,,
331,331,zTioSam,Bonde do Tanza (547|424) K45,0.0,0.0,0.0,0.0,0.0,0.0,0.0,0.0,0.0,0.0,0.0,?,0.0,0.0,0.0,0.0,,,,,,,
332,332,zTioSam,Bonde do Tanza (561|428) K45,0.0,0.0,0.0,0.0,0.0,0.0,0.0,0.0,0.0,0.0,0.0,?,0.0,0.0,0.0,0.0,,,,,,,
333,333,zTioSam,Bonde do Tanza (554|420) K45,0.0,0.0,0.0,0.0,0.0,0.0,0.0,0.0,0.0,0.0,0.0,?,0.0,0.0,0.0,0.0,,,,,,,
334,334,zTioSam,Bonde do Tanza (536|411) K45,0.0,0.0,0.0,0.0,0.0,0.0,0.0,0.0,0.0,0.0,0.0,?,0.0,0.0,0.0,0.0,,,,,,,
335,335,zTioSam,Bonde do Tanza (548|414) K45,0.0,0.0,0.0,0.0,0.0,0.0,0.0,0.0,0.0,0.0,0.0,?,0.0,0.0,0.0,0.0,,,,,,,
336,336,zTioSam,Bonde do Tanza (553|416) K45,0.0,0.0,0.0,0.0,0.0,0.0,0.0,0.0,0.0,0.0,0.0,?,0.0,0.0,0.0,0.0,,,,,,,
337,337,zTioSam,Bonde do Tanza (559|419) K45,0.0,0.0,0.0,0.0,0.0,0.0,0.0,0.0,0.0,0.0,0.0,?,0.0,0.0,0.0,0.0,,,,,,,
338,338,zTioSam,Nobre (534|427) K45,0.0,0.0,0.0,0.0,0.0,0.0,0.0,0.0,0.0,0.0,0.0,?,0.0,0.0,0.0,0.0,,,,,,,
339,339,zTioSam,Nobre (567|425) K45,0.0,0.0,0.0,0.0,0.0,0.0,0.0,0.0,0.0,0.0,0.0,?,0.0,0.0,0.0,0.0,,,,,,,
